,Match Number,Round Number,Date,Location,Home Team,Away Team,Result,Prediction,Away win %,Draw %,Home win %
0,1,1,16/08/2024 20:00,Old Trafford,Man Utd,Fulham,1 - 0,D,3.366448594796573,68.00058667584874,28.632964729354697
1,2,1,17/08/2024 12:30,Portman Road,Ipswich,Liverpool,0 - 2,D,3.3568744847865304,68.50279012236568,28.14033539284779
2,3,1,17/08/2024 15:00,Emirates Stadium,Arsenal,Wolves,2 - 0,D,3.3574588831089076,68.2744677275969,28.368073389294203
3,4,1,17/08/2024 15:00,Goodison Park,Everton,Brighton,0 - 3,D,3.366936422166647,67.98529303032326,28.64777054751008
4,5,1,17/08/2024 15:00,St. James' Park,Newcastle,Southampton,1 - 0,D,3.36588336408465,68.18542461894896,28.448692016966394
5,6,1,17/08/2024 15:00,The City Ground,Nott'm Forest,Bournemouth,1 - 1,D,3.402072214757711,68.11361106283137,28.48431672241089
6,7,1,17/08/2024 17:30,London Stadium,West Ham,Aston Villa,1 - 2,D,3.3348547588161512,68.5762241426087,28.088921098575153
7,8,1,18/08/2024 14:00,Gtech Community Stadium,Brentford,Crystal Palace,2 - 1,D,3.3148881450941503,68.64877774661738,28.03633410828849
8,9,1,18/08/2024 16:30,Stamford Bridge,Chelsea,Man City,0 - 2,D,3.3821848315703145,68.08529744097397,28.532517727455726
9,10,1,19/08/2024 20:00,King Power Stadium,Leicester,Spurs,1 - 1,D,3.369674412141685,68.18186444470201,28.44846114315631
10,13,2,24/08/2024 12:30,American Express Stadium,Brighton,Man Utd,2 - 1,D,3.3369424068919824,68.4346828291987,28.228374763909287
11,14,2,24/08/2024 15:00,Selhurst Park,Crystal Palace,West Ham,0 - 2,D,3.382433184283002,68.13591827307424,28.48164854264274
12,15,2,24/08/2024 15:00,Craven Cottage,Fulham,Leicester,2 - 1,D,3.39337425890757,68.27894951944914,28.327676221643266
13,17,2,24/08/2024 15:00,Etihad Stadium,Man City,Ipswich,4 - 1,D,3.3532959303467678,67.79060542432464,28.856098645328554
14,18,2,24/08/2024 15:00,St. Mary's Stadium,Southampton,Nott'm Forest,0 - 1,D,3.3588968436732145,68.17430278660515,28.466800369721597
15,19,2,24/08/2024 15:00,Tottenham Hotspur Stadium,Spurs,Everton,4 - 0,D,3.363461736865632,68.16691849054928,28.46961977258509
16,11,2,24/08/2024 17:30,Villa Park,Aston Villa,Arsenal,0 - 2,D,3.423011137079955,68.20833529039525,28.368653572524806
17,12,2,25/08/2024 14:00,Vitality Stadium,Bournemouth,Newcastle,1 - 1,D,3.307856202883272,68.92779035372614,27.764353443390604
18,20,2,25/08/2024 14:00,Molineux Stadium,Wolves,Chelsea,2 - 6,D,3.394206762469442,67.69110871213955,28.914684525390992
19,16,2,25/08/2024 16:30,Anfield,Liverpool,Brentford,2 - 0,D,3.366312286428409,68.08081751850663,28.552870195064973
20,21,3,31/08/2024 12:30,Emirates Stadium,Arsenal,Brighton,1 - 1,D,3.3428090933080803,68.33648018527654,28.32071072141537
21,22,3,31/08/2024 15:00,Gtech Community Stadium,Brentford,Southampton,3 - 1,D,3.352052114387031,68.34961157468614,28.298336310926825
22,24,3,31/08/2024 15:00,Goodison Park,Everton,Bournemouth,2 - 3,D,3.3705461291088588,67.41906680866086,29.210387062230254
23,25,3,31/08/2024 15:00,Portman Road,Ipswich,Fulham,1 - 1,D,3.366448594796573,68.00058667584874,28.632964729354697
24,26,3,31/08/2024 15:00,King Power Stadium,Leicester,Aston Villa,1 - 2,D,3.3752927047924715,68.16152537800737,28.46318191720015
25,29,3,31/08/2024 15:00,The City Ground,Nott'm Forest,Wolves,1 - 1,D,3.334248712874135,68.7177630644337,27.94798822269218
26,30,3,31/08/2024 17:30,London Stadium,West Ham,Man City,1 - 3,D,3.343633967212145,68.58321147843347,28.07315455435434
27,23,3,01/09/2024 13:30,Stamford Bridge,Chelsea,Crystal Palace,1 - 1,D,3.3778138949373115,67.6837928899983,28.93839321506438
28,28,3,01/09/2024 13:30,St. James' Park,Newcastle,Spurs,2 - 1,D,3.36588336408465,68.18542461894896,28.448692016966394
29,27,3,01/09/2024 16:00,Old Trafford,Man Utd,Liverpool,0 - 3,D,3.3568744847865304,68.50279012236568,28.14033539284779
30,38,4,14/09/2024 12:30,St. Mary's Stadium,Southampton,Man Utd,0 - 3,D,3.369674412141685,68.18186444470201,28.44846114315631
31,33,4,14/09/2024 15:00,American Express Stadium,Brighton,Ipswich,0 - 0,D,3.3369424068919824,68.4346828291987,28.228374763909287
32,34,4,14/09/2024 15:00,Selhurst Park,Crystal Palace,Leicester,2 - 2,D,3.40181941779518,68.41632546817155,28.181855114033272
33,35,4,14/09/2024 15:00,Craven Cottage,Fulham,West Ham,1 - 1,D,3.406954066221304,68.2438591986138,28.34918673516488
34,36,4,14/09/2024 15:00,Anfield,Liverpool,Nott'm Forest,0 - 1,D,3.3491756171131155,68.00916751965751,28.641656863229386
35,37,4,14/09/2024 15:00,Etihad Stadium,Man City,Brentford,2 - 1,D,3.374007602366251,67.69690779629546,28.92908460133831
36,31,4,14/09/2024 17:30,Villa Park,Aston Villa,Everton,3 - 2,D,3.3652866190183857,68.05030271740934,28.584410663572275
37,32,4,14/09/2024 20:00,Vitality Stadium,Bournemouth,Chelsea,0 - 1,D,3.398727165795469,68.31452224841746,28.28675058578705
38,39,4,15/09/2024 14:00,Tottenham Hotspur Stadium,Spurs,Arsenal,0 - 1,D,3.3867266181286957,68.25396584277644,28.359307539094893
39,40,4,15/09/2024 16:30,Molineux Stadium,Wolves,Newcastle,1 - 2,D,3.3435766173993504,68.72677776965436,27.929645612946256
40,50,5,21/09/2024 12:30,London Stadium,West Ham,Chelsea,0 - 3,D,3.391558515189729,68.25826961512455,28.350171869685724
41,41,5,21/09/2024 15:00,Villa Park,Aston Villa,Wolves,3 - 1,D,3.3760104345984936,68.6188140657635,28.005175499638007
42,44,5,21/09/2024 15:00,Craven Cottage,Fulham,Newcastle,3 - 1,D,3.4038387465418407,68.1159820228903,28.480179230567863
43,45,5,21/09/2024 15:00,King Power Stadium,Leicester,Everton,1 - 1,D,3.363461736865632,68.16691849054928,28.46961977258509
44,46,5,21/09/2024 15:00,Anfield,Liverpool,Bournemouth,3 - 0,D,3.3514565486226098,67.83913927222758,28.809404179149812
45,48,5,21/09/2024 15:00,St. Mary's Stadium,Southampton,Ipswich,1 - 1,D,3.369674412141685,68.18186444470201,28.44846114315631
46,49,5,21/09/2024 15:00,Tottenham Hotspur Stadium,Spurs,Brentford,3 - 1,D,3.3801921210824757,68.0958447711152,28.523963107802313
47,43,5,21/09/2024 17:30,Selhurst Park,Crystal Palace,Man Utd,0 - 0,D,3.40181941779518,68.41632546817155,28.181855114033272
48,42,5,22/09/2024 14:00,American Express Stadium,Brighton,Nott'm Forest,2 - 2,D,3.315227472332765,68.55597435741055,28.1287981702567
49,47,5,22/09/2024 16:30,Etihad Stadium,Man City,Arsenal,2 - 2,D,3.3426687510447923,67.73273622192659,28.924595027028634
50,58,6,28/09/2024 12:30,St. James' Park,Newcastle,Man City,1 - 1,D,3.321810244161004,68.42378240160849,28.25440735423051
51,51,6,28/09/2024 15:00,Emirates Stadium,Arsenal,Leicester,4 - 2,D,3.3469949859477164,68.17540633030008,28.4775986837522
52,53,6,28/09/2024 15:00,Gtech Community Stadium,Brentford,West Ham,1 - 1,D,3.338323776382414,68.12964022615495,28.532035997462636
53,54,6,28/09/2024 15:00,Stamford Bridge,Chelsea,Brighton,4 - 2,D,3.3315764113689563,68.52490483547682,28.143518753154183
54,55,6,28/09/2024 15:00,Goodison Park,Everton,Crystal Palace,2 - 1,D,3.3535480583644848,67.93841886456278,28.708033077072727
55,59,6,28/09/2024 15:00,The City Ground,Nott'm Forest,Fulham,0 - 1,D,3.403274766951922,67.968316886339,28.628408346709094
56,60,6,28/09/2024 17:30,Molineux Stadium,Wolves,Liverpool,1 - 2,D,3.4249127805016384,68.29703765804962,28.278049561448736
57,56,6,29/09/2024 14:00,Portman Road,Ipswich,Aston Villa,2 - 2,D,3.3752927047924715,68.16152537800737,28.46318191720015
58,57,6,29/09/2024 16:30,Old Trafford,Man Utd,Spurs,0 - 3,D,3.369674412141685,68.18186444470201,28.44846114315631
59,52,6,30/09/2024 20:00,Vitality Stadium,Bournemouth,Southampton,3 - 1,D,3.3706098074465154,68.22256880022366,28.406821392329867
60,66,7,05/10/2024 12:30,Selhurst Park,Crystal Palace,Liverpool,0 - 1,D,3.438922941868035,68.70651224409139,27.85456481404057
61,61,7,05/10/2024 15:00,Emirates Stadium,Arsenal,Southampton,3 - 1,D,3.3469949859477164,68.17540633030008,28.4775986837522
62,63,7,05/10/2024 15:00,Gtech Community Stadium,Brentford,Wolves,5 - 3,D,3.360638555485232,68.55242306158488,28.086938382929873
63,68,7,05/10/2024 15:00,King Power Stadium,Leicester,Bournemouth,1 - 0,D,3.3818401877177724,67.99060630472212,28.627553507560062
64,69,7,05/10/2024 15:00,Etihad Stadium,Man City,Fulham,3 - 2,D,3.3318980354308074,67.59315886058909,29.07494310398007
65,70,7,05/10/2024 15:00,London Stadium,West Ham,Ipswich,4 - 1,D,3.3581133709528395,68.46350646424851,28.178380164798654
66,67,7,05/10/2024 17:30,Goodison Park,Everton,Newcastle,0 - 0,D,3.328673223557472,68.38816922714615,28.283157549296366
67,62,7,06/10/2024 14:00,Villa Park,Aston Villa,Man Utd,0 - 0,D,3.371985662719332,68.30278810315433,28.32522623412635
68,65,7,06/10/2024 14:00,Stamford Bridge,Chelsea,Nott'm Forest,1 - 1,D,3.32977117890176,68.4432520954082,28.226976725690058
69,64,7,06/10/2024 16:30,American Express Stadium,Brighton,Spurs,3 - 2,D,3.3369424068919824,68.4346828291987,28.228374763909287
70,79,8,19/10/2024 12:30,Tottenham Hotspur Stadium,Spurs,West Ham,4 - 1,D,3.3683889168683057,67.95554881829162,28.676062264840073
71,72,8,19/10/2024 15:00,Craven Cottage,Fulham,Aston Villa,1 - 3,D,3.3858296815541125,68.40940763814578,28.204762680300107
72,75,8,19/10/2024 15:00,Old Trafford,Man Utd,Brentford,2 - 1,D,3.3801921210824757,68.0958447711152,28.523963107802313
73,76,8,19/10/2024 15:00,St. James' Park,Newcastle,Brighton,0 - 1,D,3.3387890742611637,68.56986033249576,28.091350593243103
74,78,8,19/10/2024 15:00,St. Mary's Stadium,Southampton,Leicester,2 - 3,D,3.369674412141685,68.18186444470201,28.44846114315631
75,73,8,19/10/2024 15:15,Portman Road,Ipswich,Everton,0 - 2,D,3.363461736865632,68.16691849054928,28.46961977258509
76,71,8,19/10/2024 17:30,Vitality Stadium,Bournemouth,Arsenal,2 - 0,D,3.384670222532481,68.38739778287132,28.227931994596194
77,80,8,20/10/2024 14:00,Molineux Stadium,Wolves,Man City,1 - 2,D,3.3629124460450432,67.96174942830618,28.675338125648782
78,74,8,20/10/2024 16:30,Anfield,Liverpool,Chelsea,2 - 1,D,3.3404103055343026,68.56118471390374,28.098404980561924
79,77,8,21/10/2024 20:00,The City Ground,Nott'm Forest,Crystal Palace,1 - 0,D,3.3619223430906597,68.01535697036329,28.62272068654606
80,88,9,25/10/2024 20:00,King Power Stadium,Leicester,Nott'm Forest,1 - 3,D,3.3588968436732145,68.17430278660515,28.466800369721597
81,82,9,26/10/2024 15:00,Villa Park,Aston Villa,Bournemouth,1 - 1,D,3.4134972965485484,67.94794940346992,28.638553299981528
82,83,9,26/10/2024 15:00,Gtech Community Stadium,Brentford,Ipswich,4 - 3,D,3.352052114387031,68.34961157468614,28.298336310926825
83,84,9,26/10/2024 15:00,American Express Stadium,Brighton,Wolves,2 - 2,D,3.305393258189868,68.93097127326217,27.763635468547953
84,89,9,26/10/2024 15:00,Etihad Stadium,Man City,Southampton,1 - 0,D,3.3532959303467678,67.79060542432464,28.856098645328554
85,87,9,26/10/2024 17:30,Goodison Park,Everton,Fulham,1 - 1,D,3.3885253340850574,67.94310656422908,28.66836810168585
86,85,9,27/10/2024 14:00,Stamford Bridge,Chelsea,Newcastle,2 - 1,D,3.3277758426892103,67.93358846079562,28.738635696515175
87,86,9,27/10/2024 14:00,Selhurst Park,Crystal Palace,Spurs,1 - 0,D,3.40181941779518,68.41632546817155,28.181855114033272
88,90,9,27/10/2024 14:00,London Stadium,West Ham,Man Utd,2 - 1,D,3.3581133709528395,68.46350646424851,28.178380164798654
89,81,9,27/10/2024 16:30,Emirates Stadium,Arsenal,Liverpool,2 - 2,D,3.272680132967207,69.13735229241321,27.58996757461959
90,96,10,02/11/2024 12:30,St. James' Park,Newcastle,Arsenal,1 - 0,D,3.465678621449387,68.21614668731151,28.31817469123907
91,91,10,02/11/2024 15:00,Vitality Stadium,Bournemouth,Man City,2 - 1,D,3.402957317806737,68.00715758139889,28.589885100794348
92,93,10,02/11/2024 15:00,Portman Road,Ipswich,Leicester,1 - 1,D,3.369674412141685,68.18186444470201,28.44846114315631
93,94,10,02/11/2024 15:00,Anfield,Liverpool,Brighton,2 - 1,D,3.331972107303323,68.26241454354162,28.405613349155047
94,97,10,02/11/2024 15:00,The City Ground,Nott'm Forest,West Ham,3 - 0,D,3.3844421630110713,67.79137324899816,28.824184587990803
95,98,10,02/11/2024 15:00,St. Mary's Stadium,Southampton,Everton,1 - 0,D,3.363461736865632,68.16691849054928,28.46961977258509
96,100,10,02/11/2024 17:30,Molineux Stadium,Wolves,Crystal Palace,2 - 2,D,3.3736965430416097,67.99869459390918,28.627608863049225
97,99,10,03/11/2024 14:00,Tottenham Hotspur Stadium,Spurs,Aston Villa,4 - 1,D,3.3752927047924715,68.16152537800737,28.46318191720015
98,95,10,03/11/2024 16:30,Old Trafford,Man Utd,Chelsea,1 - 1,D,3.3792091637768453,68.23757730323604,28.38321353298715
99,92,10,04/11/2024 20:00,Craven Cottage,Fulham,Brentford,2 - 1,D,3.4108981558976814,68.07744534175349,28.511656502348835
100,101,11,09/11/2024 15:00,Gtech Community Stadium,Brentford,Bournemouth,3 - 2,D,3.3437674225947482,68.17065738224572,28.48557519515954
101,104,11,09/11/2024 15:00,Selhurst Park,Crystal Palace,Fulham,0 - 2,D,3.393060953664434,68.24068671298814,28.366252333347415
102,109,11,09/11/2024 15:00,London Stadium,West Ham,Everton,0 - 0,D,3.356285055675072,68.86582376733513,27.7778911769898
103,110,11,09/11/2024 15:00,Molineux Stadium,Wolves,Southampton,2 - 0,D,3.3829613202403355,68.00853529483261,28.608503384927047
104,102,11,09/11/2024 17:30,American Express Stadium,Brighton,Man City,2 - 1,D,3.315458310487853,68.31134864922956,28.373193040282597
105,105,11,09/11/2024 20:00,Anfield,Liverpool,Aston Villa,2 - 0,D,3.3469001389291395,68.33008027185771,28.323019589213157
106,106,11,10/11/2024 14:00,Old Trafford,Man Utd,Leicester,3 - 0,D,3.369674412141685,68.18186444470201,28.44846114315631
107,107,11,10/11/2024 14:00,The City Ground,Nott'm Forest,Newcastle,1 - 3,D,3.3958079885935346,68.24674703565498,28.357444975751473
108,108,11,10/11/2024 14:00,Tottenham Hotspur Stadium,Spurs,Ipswich,1 - 2,D,3.369674412141685,68.18186444470201,28.44846114315631
109,103,11,10/11/2024 16:30,Stamford Bridge,Chelsea,Arsenal,1 - 1,D,3.352256070029464,68.51919120571301,28.12855272425752
110,117,12,23/11/2024 12:30,King Power Stadium,Leicester,Chelsea,1 - 2,D,3.3792091637768453,68.23757730323604,28.38321353298715
111,111,12,23/11/2024 15:00,Emirates Stadium,Arsenal,Nott'm Forest,3 - 0,D,3.341207437628836,68.01980341230527,28.638989150065896
112,112,12,23/11/2024 15:00,Villa Park,Aston Villa,Crystal Palace,2 - 2,D,3.3465096196732236,68.59258479808122,28.06090558224554
113,113,12,23/11/2024 15:00,Vitality Stadium,Bournemouth,Brighton,1 - 2,D,3.3823743691153143,68.15209369639308,28.465531934491594
114,114,12,23/11/2024 15:00,Goodison Park,Everton,Brentford,0 - 0,D,3.3730465489866712,67.670983532386,28.955969918627318
115,115,12,23/11/2024 15:00,Craven Cottage,Fulham,Wolves,1 - 4,D,3.3836545293669427,68.47365012011322,28.142695350519837
116,118,12,23/11/2024 17:30,Etihad Stadium,Man City,Spurs,0 - 4,D,3.3532959303467678,67.79060542432464,28.856098645328554
117,120,12,24/11/2024 14:00,St. Mary's Stadium,Southampton,Liverpool,2 - 3,D,3.3568744847865304,68.50279012236568,28.14033539284779
118,116,12,24/11/2024 16:30,Portman Road,Ipswich,Man Utd,1 - 1,D,3.369674412141685,68.18186444470201,28.44846114315631
119,119,12,25/11/2024 20:00,St. James' Park,Newcastle,West Ham,0 - 2,D,3.346854898526007,68.30165040916798,28.351494692306
120,122,13,29/11/2024 20:00,American Express Stadium,Brighton,Southampton,1 - 1,D,3.3369424068919824,68.4346828291987,28.228374763909287
121,121,13,30/11/2024 15:00,Gtech Community Stadium,Brentford,Leicester,4 - 1,D,3.352052114387031,68.34961157468614,28.298336310926825
122,124,13,30/11/2024 15:00,Selhurst Park,Crystal Palace,Newcastle,1 - 1,D,3.3474699272292727,69.18802548231852,27.464504590452176
123,127,13,30/11/2024 15:00,The City Ground,Nott'm Forest,Ipswich,1 - 0,D,3.3767706298820532,68.1680326010762,28.45519676904178
124,130,13,30/11/2024 15:00,Molineux Stadium,Wolves,Bournemouth,2 - 4,D,3.4143172571871694,67.6589918327524,28.926690910060433
125,129,13,30/11/2024 17:30,London Stadium,West Ham,Arsenal,2 - 5,D,3.3733424928620726,68.71593065884373,27.910726848294214
126,123,13,01/12/2024 13:30,Stamford Bridge,Chelsea,Aston Villa,3 - 0,D,3.3795604278476157,68.2662433921589,28.354196179993487
127,126,13,01/12/2024 13:30,Old Trafford,Man Utd,Everton,4 - 0,D,3.363461736865632,68.16691849054928,28.46961977258509
128,128,13,01/12/2024 13:30,Tottenham Hotspur Stadium,Spurs,Fulham,1 - 1,D,3.366448594796573,68.00058667584874,28.632964729354697
129,125,13,01/12/2024 16:00,Anfield,Liverpool,Man City,2 - 0,D,3.308960363346733,68.13251806893426,28.558521567719
130,136,14,03/12/2024 19:30,Portman Road,Ipswich,Crystal Palace,0 - 1,D,3.3663716606896985,68.16715721967435,28.46647111963599
131,137,14,03/12/2024 20:15,King Power Stadium,Leicester,West Ham,3 - 1,D,3.3683889168683057,67.95554881829162,28.676062264840073
132,134,14,04/12/2024 19:30,Goodison Park,Everton,Wolves,4 - 0,D,3.4087945688914636,67.92468420807637,28.66652122303219
133,138,14,04/12/2024 19:30,Etihad Stadium,Man City,Nott'm Forest,3 - 0,D,3.342615896789644,67.78282942940417,28.874554673806145
134,139,14,04/12/2024 19:30,St. James' Park,Newcastle,Liverpool,3 - 3,D,3.355496812895251,68.77292947154577,27.871573715558966
135,140,14,04/12/2024 19:30,St. Mary's Stadium,Southampton,Chelsea,1 - 5,D,3.3792091637768453,68.23757730323604,28.38321353298715
136,131,14,04/12/2024 20:15,Emirates Stadium,Arsenal,Man Utd,2 - 0,D,3.3469949859477164,68.17540633030008,28.4775986837522
137,132,14,04/12/2024 20:15,Villa Park,Aston Villa,Brentford,3 - 1,D,3.3553392732956047,68.52245537934087,28.122205347363526
138,135,14,05/12/2024 19:30,Craven Cottage,Fulham,Brighton,3 - 1,D,3.3799355198385705,68.16964637666486,28.450418103496567
139,133,14,05/12/2024 20:15,Vitality Stadium,Bournemouth,Spurs,1 - 0,D,3.3706098074465154,68.22256880022366,28.406821392329867
140,141,15,07/12/2024 15:00,Villa Park,Aston Villa,Southampton,1 - 0,D,3.371985662719332,68.30278810315433,28.32522623412635
141,142,15,07/12/2024 15:00,Gtech Community Stadium,Brentford,Newcastle,4 - 2,D,3.3650777384032673,68.43332750998881,28.201594751607917
142,143,15,07/12/2024 15:00,Selhurst Park,Crystal Palace,Man City,2 - 2,D,3.4176091762409184,68.53177182451199,28.050618999247106
143,148,15,07/12/2024 17:30,Old Trafford,Man Utd,Nott'm Forest,2 - 3,D,3.3588968436732145,68.17430278660515,28.466800369721597
144,145,15,08/12/2024 14:00,Craven Cottage,Fulham,Arsenal,1 - 1,D,3.3783139615063713,68.43352349341765,28.188162545075997
145,146,15,08/12/2024 14:00,Portman Road,Ipswich,Bournemouth,1 - 2,D,3.3818401877177724,67.99060630472212,28.627553507560062
146,147,15,08/12/2024 14:00,King Power Stadium,Leicester,Brighton,2 - 2,D,3.3602206221958046,68.26882221533756,28.37095716246663
147,149,15,08/12/2024 16:30,Tottenham Hotspur Stadium,Spurs,Chelsea,3 - 4,D,3.3792091637768453,68.23757730323604,28.38321353298715
148,150,15,09/12/2024 20:00,London Stadium,West Ham,Wolves,2 - 1,D,3.3806962508737035,68.46046295668532,28.158840792440976
149,144,15,12/02/2025 19:30,Goodison Park,Everton,Liverpool,2 - 2,D,3.3257457514212803,68.60105111747184,28.07320313110689
150,151,16,14/12/2024 15:00,Emirates Stadium,Arsenal,Everton,0 - 0,D,3.3525063412909497,68.03539909539748,28.61209456331157
151,155,16,14/12/2024 15:00,Anfield,Liverpool,Fulham,2 - 2,D,3.3929895698814674,67.52232937696208,29.084681053156448
152,157,16,14/12/2024 15:00,St. James' Park,Newcastle,Leicester,4 - 0,D,3.36588336408465,68.18542461894896,28.448692016966394
153,160,16,14/12/2024 15:00,Molineux Stadium,Wolves,Ipswich,1 - 2,D,3.3829613202403355,68.00853529483261,28.608503384927047
154,158,16,14/12/2024 17:30,The City Ground,Nott'm Forest,Aston Villa,2 - 1,D,3.3742866501843647,68.05833369268963,28.56737965712601
155,153,16,15/12/2024 14:00,American Express Stadium,Brighton,Crystal Palace,1 - 3,D,3.3396933059336247,68.56140993965295,28.09889675441343
156,156,16,15/12/2024 16:30,Etihad Stadium,Man City,Man Utd,1 - 2,D,3.3532959303467678,67.79060542432464,28.856098645328554
157,154,16,15/12/2024 19:00,Stamford Bridge,Chelsea,Brentford,2 - 1,D,3.3612850096843436,68.19137903177213,28.44733595854352
158,159,16,15/12/2024 19:00,St. Mary's Stadium,Southampton,Spurs,0 - 5,D,3.369674412141685,68.18186444470201,28.44846114315631
159,152,16,16/12/2024 20:00,Vitality Stadium,Bournemouth,West Ham,1 - 1,D,3.3472538343311027,68.38281114211318,28.269935023555703
160,161,17,21/12/2024 12:30,Villa Park,Aston Villa,Man City,2 - 1,D,3.3531177043323215,68.21774669754318,28.42913559812447
161,162,17,21/12/2024 15:00,Gtech Community Stadium,Brentford,Nott'm Forest,0 - 2,D,3.3362525717944314,68.0521475318899,28.61159989631567
162,166,17,21/12/2024 15:00,Portman Road,Ipswich,Newcastle,0 - 4,D,3.362209002723535,68.27771651079327,28.36007448648319
163,170,17,21/12/2024 15:00,London Stadium,West Ham,Brighton,1 - 1,D,3.2810578547505833,69.30654233286688,27.41239981238253
164,163,17,21/12/2024 17:30,Selhurst Park,Crystal Palace,Arsenal,1 - 5,D,3.4565552636781063,68.60786786633001,27.93557686999189
165,164,17,22/12/2024 14:00,Goodison Park,Everton,Chelsea,0 - 0,D,3.4221209404961246,67.5028441187882,29.075034940715682
166,165,17,22/12/2024 14:00,Craven Cottage,Fulham,Southampton,0 - 0,D,3.39337425890757,68.27894951944914,28.327676221643266
167,167,17,22/12/2024 14:00,King Power Stadium,Leicester,Wolves,0 - 3,D,3.3671448150238126,68.2748158953846,28.35803928959161
168,168,17,22/12/2024 14:00,Old Trafford,Man Utd,Bournemouth,0 - 3,D,3.3818401877177724,67.99060630472212,28.627553507560062
169,169,17,22/12/2024 16:30,Tottenham Hotspur Stadium,Spurs,Liverpool,3 - 6,D,3.3568744847865304,68.50279012236568,28.14033539284779
170,176,18,26/12/2024 12:30,Etihad Stadium,Man City,Everton,1 - 1,D,3.3098560523556806,67.87689811478518,28.81324583285912
171,172,18,26/12/2024 15:00,Vitality Stadium,Bournemouth,Crystal Palace,0 - 0,D,3.3353754867376892,68.37099934063049,28.29362517263181
172,174,18,26/12/2024 15:00,Stamford Bridge,Chelsea,Fulham,1 - 2,D,3.367978543627227,68.01431808454961,28.61770337182316
173,177,18,26/12/2024 15:00,St. James' Park,Newcastle,Aston Villa,3 - 0,D,3.325078774307037,68.19603227025527,28.478888955437665
174,178,18,26/12/2024 15:00,The City Ground,Nott'm Forest,Spurs,1 - 0,D,3.3767706298820532,68.1680326010762,28.45519676904178
175,179,18,26/12/2024 15:00,St. Mary's Stadium,Southampton,West Ham,0 - 1,D,3.3683889168683057,67.95554881829162,28.676062264840073
176,180,18,26/12/2024 17:30,Molineux Stadium,Wolves,Man Utd,2 - 0,D,3.3829613202403355,68.00853529483261,28.608503384927047
177,175,18,26/12/2024 20:00,Anfield,Liverpool,Leicester,3 - 1,D,3.3558261373587195,68.16686971377554,28.477304148865745
178,173,18,27/12/2024 19:30,American Express Stadium,Brighton,Brentford,0 - 0,D,3.333197024548943,68.35568669869473,28.311116276756305
179,171,18,27/12/2024 20:15,Emirates Stadium,Arsenal,Ipswich,1 - 0,D,3.3469949859477164,68.17540633030008,28.4775986837522
180,187,19,29/12/2024 14:30,King Power Stadium,Leicester,Man City,0 - 2,D,3.3697208060134085,68.13013554139033,28.500143652596243
181,183,19,29/12/2024 15:00,Selhurst Park,Crystal Palace,Southampton,2 - 1,D,3.40181941779518,68.41632546817155,28.181855114033272
182,184,19,29/12/2024 15:00,Goodison Park,Everton,Nott'm Forest,0 - 2,D,3.3458790585812532,68.19334176740608,28.460779174012664
183,185,19,29/12/2024 15:00,Craven Cottage,Fulham,Bournemouth,2 - 2,D,3.375320846961509,68.39674544677926,28.22793370625924
184,189,19,29/12/2024 15:00,Tottenham Hotspur Stadium,Spurs,Wolves,2 - 2,D,3.3671448150238126,68.2748158953846,28.35803928959161
185,190,19,29/12/2024 17:15,London Stadium,West Ham,Liverpool,0 - 5,D,3.333705545177864,68.8451891214426,27.821105333379514
186,181,19,30/12/2024 19:45,Villa Park,Aston Villa,Brighton,2 - 2,D,3.361591359406916,68.35883055465031,28.279578085942784
187,186,19,30/12/2024 19:45,Portman Road,Ipswich,Chelsea,2 - 0,D,3.3792091637768453,68.23757730323604,28.38321353298715
188,188,19,30/12/2024 20:00,Old Trafford,Man Utd,Newcastle,0 - 2,D,3.362209002723535,68.27771651079327,28.36007448648319
189,182,19,01/01/2025 17:30,Gtech Community Stadium,Brentford,Arsenal,1 - 3,D,3.3690365703536957,68.4214596464082,28.209503783238087
190,199,20,04/01/2025 12:30,Tottenham Hotspur Stadium,Spurs,Newcastle,1 - 2,D,3.362209002723535,68.27771651079327,28.36007448648319
191,191,20,04/01/2025 15:00,Villa Park,Aston Villa,Leicester,2 - 1,D,3.371985662719332,68.30278810315433,28.32522623412635
192,192,20,04/01/2025 15:00,Vitality Stadium,Bournemouth,Everton,1 - 0,D,3.354869252331428,67.78171980515773,28.86341094251082
193,194,20,04/01/2025 15:00,Selhurst Park,Crystal Palace,Chelsea,1 - 1,D,3.461737840114363,68.43830928668947,28.099952873196155
194,197,20,04/01/2025 15:00,Etihad Stadium,Man City,West Ham,4 - 1,D,3.3530985937943862,67.0333141434256,29.61358726278006
195,198,20,04/01/2025 15:00,St. Mary's Stadium,Southampton,Brentford,0 - 5,D,3.3801921210824757,68.0958447711152,28.523963107802313
196,193,20,04/01/2025 17:30,American Express Stadium,Brighton,Arsenal,1 - 1,D,3.3190963778690565,68.67161824654492,28.009285375586014
197,195,20,05/01/2025 14:00,Craven Cottage,Fulham,Ipswich,2 - 2,D,3.39337425890757,68.27894951944914,28.327676221643266
198,196,20,05/01/2025 16:30,Anfield,Liverpool,Man Utd,2 - 2,D,3.3558261373587195,68.16686971377554,28.477304148865745
199,200,20,06/01/2025 20:00,Molineux Stadium,Wolves,Nott'm Forest,0 - 3,D,3.3517300856321897,68.01263728520566,28.63563262916214
200,202,21,14/01/2025 19:30,Gtech Community Stadium,Brentford,Man City,2 - 2,D,3.3640267759405083,68.14619319576872,28.489780028290745
201,207,21,14/01/2025 19:30,London Stadium,West Ham,Fulham,3 - 2,D,3.3373203235160354,68.24783518830829,28.41484448817566
202,208,21,14/01/2025 19:30,Stamford Bridge,Chelsea,Bournemouth,2 - 2,D,3.395302301061271,68.05904109504405,28.545656603894688
203,206,21,14/01/2025 20:00,The City Ground,Nott'm Forest,Liverpool,1 - 1,D,3.372433062513963,68.39661969860055,28.230947238885477
204,203,21,15/01/2025 19:30,Goodison Park,Everton,Aston Villa,0 - 1,D,3.3841589744747944,68.60937191811541,28.006469107409774
205,205,21,15/01/2025 19:30,King Power Stadium,Leicester,Crystal Palace,0 - 2,D,3.3663716606896985,68.16715721967435,28.46647111963599
206,209,21,15/01/2025 19:30,St. James' Park,Newcastle,Wolves,3 - 0,D,3.342952819901521,68.26688846291906,28.390158717179432
207,201,21,15/01/2025 20:00,Emirates Stadium,Arsenal,Spurs,2 - 1,D,3.3469949859477164,68.17540633030008,28.4775986837522
208,204,21,16/01/2025 19:30,Portman Road,Ipswich,Brighton,0 - 2,D,3.3602206221958046,68.26882221533756,28.37095716246663
209,210,21,16/01/2025 20:00,Old Trafford,Man Utd,Southampton,3 - 1,D,3.369674412141685,68.18186444470201,28.44846114315631
210,218,22,18/01/2025 12:30,St. James' Park,Newcastle,Bournemouth,1 - 4,D,3.405218474421714,67.83553368136104,28.75924784421725
211,212,22,18/01/2025 15:00,Gtech Community Stadium,Brentford,Liverpool,0 - 2,D,3.3238109977553822,68.82298131847847,27.85320768376617
212,216,22,18/01/2025 15:00,King Power Stadium,Leicester,Fulham,0 - 2,D,3.366448594796573,68.00058667584874,28.632964729354697
213,220,22,18/01/2025 15:00,London Stadium,West Ham,Crystal Palace,0 - 2,D,3.3583172408660356,68.79809598987484,27.843586769259137
214,211,22,18/01/2025 17:30,Emirates Stadium,Arsenal,Aston Villa,2 - 2,D,3.36592052563552,68.11883161547269,28.51524785889182
215,214,22,19/01/2025 14:00,Goodison Park,Everton,Spurs,3 - 2,D,3.372222905113711,68.04577070252662,28.58200639235966
216,217,22,19/01/2025 14:00,Old Trafford,Man Utd,Brighton,1 - 3,D,3.3602206221958046,68.26882221533756,28.37095716246663
217,219,22,19/01/2025 14:00,The City Ground,Nott'm Forest,Southampton,3 - 2,D,3.3767706298820532,68.1680326010762,28.45519676904178
218,215,22,19/01/2025 16:30,Portman Road,Ipswich,Man City,0 - 6,D,3.3697208060134085,68.13013554139033,28.500143652596243
219,213,22,20/01/2025 20:00,Stamford Bridge,Chelsea,Wolves,3 - 1,D,3.316834808735573,68.69754058562205,27.98562460564238
220,222,23,25/01/2025 15:00,Vitality Stadium,Bournemouth,Nott'm Forest,5 - 0,D,3.3389985655612686,68.39566112186513,28.265340312573606
221,223,23,25/01/2025 15:00,American Express Stadium,Brighton,Everton,0 - 1,D,3.32427991951951,68.29825068254397,28.37746939793653
222,226,23,25/01/2025 15:00,Anfield,Liverpool,Ipswich,4 - 1,D,3.3558261373587195,68.16686971377554,28.477304148865745
223,228,23,25/01/2025 15:00,St. Mary's Stadium,Southampton,Newcastle,1 - 3,D,3.362209002723535,68.27771651079327,28.36007448648319
224,230,23,25/01/2025 15:00,Molineux Stadium,Wolves,Arsenal,0 - 1,D,3.4468574359897453,68.04387489111076,28.50926767289947
225,227,23,25/01/2025 17:30,Etihad Stadium,Man City,Chelsea,3 - 1,D,3.3817130826906636,66.95120963819188,29.667077279117432
226,224,23,26/01/2025 14:00,Selhurst Park,Crystal Palace,Brentford,1 - 2,D,3.4174445909519466,68.47298983341427,28.10956557563376
227,229,23,26/01/2025 14:00,Tottenham Hotspur Stadium,Spurs,Leicester,1 - 2,D,3.369674412141685,68.18186444470201,28.44846114315631
228,221,23,26/01/2025 16:30,Villa Park,Aston Villa,West Ham,1 - 1,D,3.368303236878783,68.20719887320665,28.424497889914562
229,225,23,26/01/2025 19:00,Craven Cottage,Fulham,Man Utd,0 - 1,D,3.39337425890757,68.27894951944914,28.327676221643266
230,239,24,01/02/2025 12:30,The City Ground,Nott'm Forest,Brighton,7 - 0,D,3.3714494061718123,68.25155778488656,28.37699280894161
231,232,24,01/02/2025 15:00,Vitality Stadium,Bournemouth,Liverpool,0 - 2,D,3.3641542426935804,68.39471941173181,28.241126345574624
232,235,24,01/02/2025 15:00,Goodison Park,Everton,Leicester,4 - 0,D,3.372222905113711,68.04577070252662,28.58200639235966
233,236,24,01/02/2025 15:00,Portman Road,Ipswich,Southampton,1 - 2,D,3.369674412141685,68.18186444470201,28.44846114315631
234,238,24,01/02/2025 15:00,St. James' Park,Newcastle,Fulham,1 - 2,D,3.3710077250519452,68.03213538415969,28.59685689078837
235,240,24,01/02/2025 17:30,Molineux Stadium,Wolves,Aston Villa,2 - 0,D,3.4056386516411714,67.71264045848686,28.881720889871975
236,233,24,02/02/2025 14:00,Gtech Community Stadium,Brentford,Spurs,0 - 2,D,3.352052114387031,68.34961157468614,28.298336310926825
237,237,24,02/02/2025 14:00,Old Trafford,Man Utd,Crystal Palace,0 - 2,D,3.3663716606896985,68.16715721967435,28.46647111963599
238,231,24,02/02/2025 16:30,Emirates Stadium,Arsenal,Man City,5 - 1,D,3.3259324148034604,68.32939715158183,28.344670433614727
239,234,24,03/02/2025 20:00,Stamford Bridge,Chelsea,West Ham,2 - 1,D,3.340717380997188,67.89158408093368,28.76769853806911
240,242,25,14/02/2025 20:00,American Express Stadium,Brighton,Chelsea,3 - 0,D,3.3479686126811354,68.77758028056333,27.874451106755522
241,245,25,15/02/2025 12:30,King Power Stadium,Leicester,Arsenal,0 - 2,D,3.3867266181286957,68.25396584277644,28.359307539094893
242,241,25,15/02/2025 15:00,Villa Park,Aston Villa,Ipswich,1 - 1,D,3.371985662719332,68.30278810315433,28.32522623412635
243,244,25,15/02/2025 15:00,Craven Cottage,Fulham,Nott'm Forest,2 - 1,D,3.3875943655455174,68.1863751284687,28.42603050598579
244,247,25,15/02/2025 15:00,Etihad Stadium,Man City,Newcastle,4 - 0,D,3.3417490086354453,67.73058087710716,28.92767011425738
245,248,25,15/02/2025 15:00,St. Mary's Stadium,Southampton,Bournemouth,1 - 3,D,3.3818401877177724,67.99060630472212,28.627553507560062
246,250,25,15/02/2025 15:00,London Stadium,West Ham,Brentford,0 - 1,D,3.409914903011174,68.35414051493099,28.235944582057833
247,243,25,15/02/2025 17:30,Selhurst Park,Crystal Palace,Everton,1 - 2,D,3.4639667191730226,68.25748769960886,28.27854558121811
248,246,25,16/02/2025 14:00,Anfield,Liverpool,Wolves,2 - 1,D,3.387992848977904,67.95047087538421,28.66153627563789
249,249,25,16/02/2025 16:30,Tottenham Hotspur Stadium,Spurs,Man Utd,1 - 0,D,3.369674412141685,68.18186444470201,28.44846114315631
250,257,26,21/02/2025 20:00,King Power Stadium,Leicester,Brentford,0 - 4,D,3.3801921210824757,68.0958447711152,28.523963107802313
251,254,26,22/02/2025 12:30,Goodison Park,Everton,Man Utd,2 - 2,D,3.372222905113711,68.04577070252662,28.58200639235966
252,251,26,22/02/2025 15:00,Emirates Stadium,Arsenal,West Ham,0 - 1,D,3.35399698233553,67.28320026044342,29.36280275722105
253,253,26,22/02/2025 15:00,Vitality Stadium,Bournemouth,Wolves,0 - 1,D,3.35639292175726,68.51703572259088,28.12657135565185
254,255,26,22/02/2025 15:00,Craven Cottage,Fulham,Crystal Palace,0 - 2,D,3.3648119084836505,68.71395456844903,27.92123352306731
255,256,26,22/02/2025 15:00,Portman Road,Ipswich,Spurs,1 - 4,D,3.369674412141685,68.18186444470201,28.44846114315631
256,260,26,22/02/2025 15:00,St. Mary's Stadium,Southampton,Brighton,0 - 4,D,3.3602206221958046,68.26882221533756,28.37095716246663
257,252,26,22/02/2025 17:30,Villa Park,Aston Villa,Chelsea,2 - 1,D,3.406130167386935,68.47293000115432,28.120939831458713
258,259,26,23/02/2025 14:00,St. James' Park,Newcastle,Nott'm Forest,4 - 3,D,3.370573681960958,68.1683449294087,28.461081388630355
259,258,26,23/02/2025 16:30,Etihad Stadium,Man City,Liverpool,0 - 2,D,3.299789045478798,68.28499299103696,28.415217963484245
260,262,27,25/02/2025 19:30,American Express Stadium,Brighton,Bournemouth,2 - 1,D,3.3566124799898254,67.93052270251509,28.712864817495067
261,266,27,25/02/2025 19:30,Molineux Stadium,Wolves,Fulham,1 - 2,D,3.372585079712747,67.59826410872213,29.029150811565096
262,267,27,25/02/2025 19:30,Selhurst Park,Crystal Palace,Aston Villa,4 - 1,D,3.4330139345352526,68.08929885658479,28.477687208879942
263,268,27,25/02/2025 20:15,Stamford Bridge,Chelsea,Southampton,4 - 0,D,3.3493620773508095,68.30179203963954,28.348845883009655
264,261,27,26/02/2025 19:30,Gtech Community Stadium,Brentford,Everton,1 - 1,D,3.3367443283201283,68.48588937667957,28.1773662950003
265,263,27,26/02/2025 19:30,The City Ground,Nott'm Forest,Arsenal,0 - 0,D,3.405548183017827,68.08849607446487,28.505955742517337
266,264,27,26/02/2025 19:30,Tottenham Hotspur Stadium,Spurs,Man City,0 - 1,D,3.3697208060134085,68.13013554139033,28.500143652596243
267,270,27,26/02/2025 19:30,Old Trafford,Man Utd,Ipswich,3 - 2,D,3.369674412141685,68.18186444470201,28.44846114315631
268,269,27,26/02/2025 20:15,Anfield,Liverpool,Newcastle,2 - 0,D,3.337084708710502,68.40632968906851,28.25658560222098
269,265,27,27/02/2025 20:00,London Stadium,West Ham,Leicester,2 - 0,D,3.3581133709528395,68.46350646424851,28.178380164798654
270,277,28,08/03/2025 12:30,The City Ground,Nott'm Forest,Man City,1 - 0,D,3.3664382214082447,67.97727016314413,28.656291615447643
271,272,28,08/03/2025 15:00,American Express Stadium,Brighton,Fulham,2 - 1,D,3.297858901444034,68.54946817959014,28.15267291896586
272,274,28,08/03/2025 15:00,Selhurst Park,Crystal Palace,Ipswich,1 - 0,D,3.40181941779518,68.41632546817155,28.181855114033272
273,275,28,08/03/2025 15:00,Anfield,Liverpool,Southampton,3 - 1,D,3.3558261373587195,68.16686971377554,28.477304148865745
274,271,28,08/03/2025 17:30,Gtech Community Stadium,Brentford,Aston Villa,0 - 1,D,3.3577019347591768,68.32928066799346,28.313017397247325
275,280,28,08/03/2025 20:00,Molineux Stadium,Wolves,Everton,1 - 1,D,3.3535082483844256,68.27744707454832,28.36904467706727
276,273,28,09/03/2025 14:00,Stamford Bridge,Chelsea,Leicester,1 - 0,D,3.3493620773508095,68.30179203963954,28.348845883009655
277,278,28,09/03/2025 14:00,Tottenham Hotspur Stadium,Spurs,Bournemouth,2 - 2,D,3.3818401877177724,67.99060630472212,28.627553507560062
278,276,28,09/03/2025 16:30,Old Trafford,Man Utd,Arsenal,1 - 1,D,3.3867266181286957,68.25396584277644,28.359307539094893
279,279,28,10/03/2025 20:00,London Stadium,West Ham,Newcastle,0 - 1,D,3.3681931294658276,68.83629892678675,27.795507943747417
280,282,29,19/02/2025 19:30,Villa Park,Aston Villa,Liverpool,2 - 2,D,3.360551610784824,68.7630206527787,27.876427736436476
281,284,29,15/03/2025 15:00,Goodison Park,Everton,West Ham,1 - 1,D,3.4211184263557155,67.47327020346528,29.10561137017899
282,286,29,15/03/2025 15:00,Portman Road,Ipswich,Nott'm Forest,2 - 4,D,3.3588968436732145,68.17430278660515,28.466800369721597
283,288,29,15/03/2025 15:00,Etihad Stadium,Man City,Brighton,2 - 2,D,3.34534032112703,67.82116052830702,28.833499150565956
284,290,29,15/03/2025 15:00,St. Mary's Stadium,Southampton,Wolves,1 - 2,D,3.3671448150238126,68.2748158953846,28.35803928959161
285,283,29,15/03/2025 17:30,Vitality Stadium,Bournemouth,Brentford,1 - 2,D,3.407114689975397,68.26746495816724,28.325420351857346
286,281,29,16/03/2025 13:30,Emirates Stadium,Arsenal,Chelsea,1 - 0,D,3.3500630525815978,68.3789480957804,28.27098885163798
287,285,29,16/03/2025 13:30,Craven Cottage,Fulham,Spurs,2 - 0,D,3.39337425890757,68.27894951944914,28.327676221643266
288,287,29,16/03/2025 19:00,King Power Stadium,Leicester,Man Utd,0 - 3,D,3.369674412141685,68.18186444470201,28.44846114315631
289,289,29,16/04/2025 19:30,St. James' Park,Newcastle,Crystal Palace,5 - 0,D,3.3908481609585754,67.60785538498985,29.001296454051573
290,291,30,01/04/2025 19:45,Emirates Stadium,Arsenal,Fulham,2 - 1,D,3.3232664509406136,67.98518209859739,28.69155145046196
291,295,30,01/04/2025 19:45,Molineux Stadium,Wolves,West Ham,1 - 0,D,3.37955144930435,67.6356537404018,28.984794810293824
292,294,30,01/04/2025 20:00,The City Ground,Nott'm Forest,Man Utd,1 - 0,D,3.3767706298820532,68.1680326010762,28.45519676904178
293,292,30,02/04/2025 19:45,Vitality Stadium,Bournemouth,Ipswich,1 - 2,D,3.3706098074465154,68.22256880022366,28.406821392329867
294,293,30,02/04/2025 19:45,American Express Stadium,Brighton,Aston Villa,0 - 3,D,3.3270440767887752,68.56855124589916,28.104404677312083
295,297,30,02/04/2025 19:45,Etihad Stadium,Man City,Leicester,2 - 0,D,3.3532959303467678,67.79060542432464,28.856098645328554
296,298,30,02/04/2025 19:45,St. James' Park,Newcastle,Brentford,2 - 1,D,3.3600363752668234,67.96272360697179,28.677240017761424
297,299,30,02/04/2025 19:45,St. Mary's Stadium,Southampton,Crystal Palace,1 - 1,D,3.3663716606896985,68.16715721967435,28.46647111963599
298,300,30,02/04/2025 20:00,Anfield,Liverpool,Everton,1 - 0,D,3.329419218440346,68.44549502539256,28.22508575616709
299,296,30,03/04/2025 20:00,Stamford Bridge,Chelsea,Spurs,1 - 0,D,3.3493620773508095,68.30179203963954,28.348845883009655
300,304,31,05/04/2025 12:30,Goodison Park,Everton,Arsenal,1 - 1,D,3.378426213580076,67.92838663380735,28.693187152612605
301,303,31,05/04/2025 15:00,Selhurst Park,Crystal Palace,Brighton,2 - 1,D,3.3514719233697594,68.89107961417832,27.75744846245192
302,306,31,05/04/2025 15:00,Portman Road,Ipswich,Wolves,1 - 2,D,3.3671448150238126,68.2748158953846,28.35803928959161
303,310,31,05/04/2025 15:00,London Stadium,West Ham,Bournemouth,2 - 2,D,3.3440820382158956,68.62268379952717,28.03323416225696
304,301,31,05/04/2025 17:30,Villa Park,Aston Villa,Nott'm Forest,2 - 1,D,3.3700874131939886,68.14598710591363,28.483925480892374
305,302,31,06/04/2025 14:00,Gtech Community Stadium,Brentford,Chelsea,0 - 0,D,3.340157395934526,68.85040614237083,27.809436461694624
306,305,31,06/04/2025 14:00,Craven Cottage,Fulham,Liverpool,3 - 2,D,3.364269105962433,68.79179899177487,27.843931902262682
307,309,31,06/04/2025 14:00,Tottenham Hotspur Stadium,Spurs,Southampton,3 - 1,D,3.369674412141685,68.18186444470201,28.44846114315631
308,308,31,06/04/2025 16:30,Old Trafford,Man Utd,Man City,0 - 0,D,3.3697208060134085,68.13013554139033,28.500143652596243
309,307,31,07/04/2025 20:00,King Power Stadium,Leicester,Newcastle,0 - 3,D,3.362209002723535,68.27771651079327,28.36007448648319
310,316,32,12/04/2025 12:30,Etihad Stadium,Man City,Crystal Palace,5 - 2,D,3.3302817009610317,67.78687734067661,28.882840958362383
311,313,32,12/04/2025 15:00,American Express Stadium,Brighton,Leicester,2 - 2,D,3.3369424068919824,68.4346828291987,28.228374763909287
312,318,32,12/04/2025 15:00,The City Ground,Nott'm Forest,Everton,0 - 1,D,3.4077383103900183,68.13281179717009,28.459449892439874
313,319,32,12/04/2025 15:00,St. Mary's Stadium,Southampton,Aston Villa,0 - 3,D,3.3752927047924715,68.16152537800737,28.46318191720015
314,311,32,12/04/2025 17:30,Emirates Stadium,Arsenal,Brentford,1 - 1,D,3.334628104200436,68.1311240722815,28.53424782351809
315,314,32,13/04/2025 14:00,Stamford Bridge,Chelsea,Ipswich,2 - 2,D,3.3493620773508095,68.30179203963954,28.348845883009655
316,315,32,13/04/2025 14:00,Anfield,Liverpool,West Ham,2 - 1,D,3.3553712814072787,67.33558743638444,29.30904128220827
317,320,32,13/04/2025 14:00,Molineux Stadium,Wolves,Spurs,4 - 2,D,3.3829613202403355,68.00853529483261,28.608503384927047
318,317,32,13/04/2025 16:30,St. James' Park,Newcastle,Man Utd,4 - 1,D,3.36588336408465,68.18542461894896,28.448692016966394
319,312,32,14/04/2025 20:00,Vitality Stadium,Bournemouth,Fulham,1 - 0,D,3.382415694590507,67.6707389876834,28.946845317726122
320,322,33,19/04/2025 15:00,Gtech Community Stadium,Brentford,Brighton,4 - 2,D,3.3549906497621262,68.42815725475386,28.21685209548402
321,323,33,19/04/2025 15:00,Selhurst Park,Crystal Palace,Bournemouth,0 - 0,D,3.4176324636541895,68.41043568370165,28.171931852644143
322,324,33,19/04/2025 15:00,Goodison Park,Everton,Man City,0 - 2,D,3.364152400430255,67.85618461214597,28.779662987423784
323,330,33,19/04/2025 15:00,London Stadium,West Ham,Southampton,1 - 1,D,3.3581133709528395,68.46350646424851,28.178380164798654
324,321,33,19/04/2025 17:30,Villa Park,Aston Villa,Newcastle,4 - 1,D,3.3571887197408787,68.25797973557194,28.384831544687177
325,325,33,20/04/2025 14:00,Craven Cottage,Fulham,Chelsea,1 - 2,D,3.4286355480888395,68.47629382930008,28.095070622611086
326,326,33,20/04/2025 14:00,Portman Road,Ipswich,Arsenal,0 - 4,D,3.3867266181286957,68.25396584277644,28.359307539094893
327,328,33,20/04/2025 14:00,Old Trafford,Man Utd,Wolves,0 - 1,D,3.3671448150238126,68.2748158953846,28.35803928959161
328,327,33,20/04/2025 16:30,King Power Stadium,Leicester,Liverpool,0 - 1,D,3.3568744847865304,68.50279012236568,28.14033539284779
329,329,33,21/04/2025 20:00,Tottenham Hotspur Stadium,Spurs,Nott'm Forest,1 - 2,D,3.3588968436732145,68.17430278660515,28.466800369721597
330,336,34,22/04/2025 20:00,Etihad Stadium,Man City,Aston Villa,2 - 1,D,3.3512879932609625,67.44749480425189,29.20121720248714
331,331,34,23/04/2025 20:00,Emirates Stadium,Arsenal,Crystal Palace,2 - 2,D,3.2954495784458375,68.76399042665633,27.940559994897825
332,334,34,26/04/2025 12:30,Stamford Bridge,Chelsea,Everton,1 - 0,D,3.2963801039483176,68.41182391350546,28.291795982546226
333,333,34,26/04/2025 15:00,American Express Stadium,Brighton,West Ham,3 - 2,D,3.305648775214768,68.19890229229148,28.495448932493737
334,337,34,26/04/2025 15:00,St. James' Park,Newcastle,Ipswich,3 - 0,D,3.36588336408465,68.18542461894896,28.448692016966394
335,339,34,26/04/2025 15:00,St. Mary's Stadium,Southampton,Fulham,1 - 2,D,3.366448594796573,68.00058667584874,28.632964729354697
336,340,34,26/04/2025 15:00,Molineux Stadium,Wolves,Leicester,3 - 0,D,3.3829613202403355,68.00853529483261,28.608503384927047
337,332,34,27/04/2025 14:00,Vitality Stadium,Bournemouth,Man Utd,1 - 1,D,3.3706098074465154,68.22256880022366,28.406821392329867
338,335,34,27/04/2025 16:30,Anfield,Liverpool,Spurs,5 - 1,D,3.3558261373587195,68.16686971377554,28.477304148865745
339,338,34,01/05/2025 19:30,The City Ground,Nott'm Forest,Brentford,0 - 2,D,3.39021955654494,68.11225384977101,28.49752659368403
340,349,35,02/05/2025 20:00,Etihad Stadium,Man City,Wolves,1 - 0,D,3.3597286839862237,67.73370270302856,28.90656861298523
341,342,35,03/05/2025 12:30,Villa Park,Aston Villa,Fulham,1 - 0,D,3.372956077986236,68.16936155015246,28.45768237186128
342,347,35,03/05/2025 15:00,Goodison Park,Everton,Ipswich,2 - 2,D,3.372222905113711,68.04577070252662,28.58200639235966
343,348,35,03/05/2025 15:00,King Power Stadium,Leicester,Southampton,2 - 0,D,3.369674412141685,68.18186444470201,28.44846114315631
344,341,35,03/05/2025 17:30,Emirates Stadium,Arsenal,Bournemouth,1 - 2,D,3.387334739489577,67.80853912594523,28.804126134565184
345,343,35,04/05/2025 14:00,Gtech Community Stadium,Brentford,Man Utd,4 - 3,D,3.352052114387031,68.34961157468614,28.298336310926825
346,344,35,04/05/2025 14:00,American Express Stadium,Brighton,Newcastle,1 - 1,D,3.29146173311776,68.96050395748719,27.74803430939505
347,350,35,04/05/2025 14:00,London Stadium,West Ham,Spurs,1 - 1,D,3.3581133709528395,68.46350646424851,28.178380164798654
348,345,35,04/05/2025 16:30,Stamford Bridge,Chelsea,Liverpool,3 - 1,D,3.339620899728013,68.99073296585107,27.669646134420915
349,346,35,05/05/2025 20:00,Selhurst Park,Crystal Palace,Nott'm Forest,1 - 1,D,3.368843085804671,68.56836357391627,28.06279334027905
350,352,36,10/05/2025 15:00,Craven Cottage,Fulham,Everton,1 - 3,D,3.4103769844271365,68.3733384291258,28.21628458644705
351,353,36,10/05/2025 15:00,Portman Road,Ipswich,Brentford,0 - 1,D,3.3801921210824757,68.0958447711152,28.523963107802313
352,358,36,10/05/2025 15:00,St. Mary's Stadium,Southampton,Man City,0 - 0,D,3.3697208060134085,68.13013554139033,28.500143652596243
353,360,36,10/05/2025 15:00,Molineux Stadium,Wolves,Brighton,0 - 2,D,3.384224539997188,68.16594205208506,28.449833407917723
354,351,36,10/05/2025 17:30,Vitality Stadium,Bournemouth,Aston Villa,0 - 1,D,3.3855148782466657,68.25238898290156,28.36209613885175
355,356,36,11/05/2025 12:00,St. James' Park,Newcastle,Chelsea,2 - 0,D,3.3855882500193903,67.92881944968663,28.685592300293983
356,355,36,11/05/2025 14:15,Old Trafford,Man Utd,West Ham,0 - 2,D,3.3683889168683057,67.95554881829162,28.676062264840073
357,357,36,11/05/2025 14:15,The City Ground,Nott'm Forest,Leicester,2 - 2,D,3.3767706298820532,68.1680326010762,28.45519676904178
358,359,36,11/05/2025 14:15,Tottenham Hotspur Stadium,Spurs,Crystal Palace,0 - 2,D,3.3663716606896985,68.16715721967435,28.46647111963599
359,354,36,11/05/2025 16:30,Anfield,Liverpool,Arsenal,2 - 2,D,3.359394174910734,68.73202301488831,27.908582810200937
360,362,37,16/05/2025 19:30,Villa Park,Aston Villa,Spurs,2 - 0,D,3.371985662719332,68.30278810315433,28.32522623412635
361,365,37,16/05/2025 20:15,Stamford Bridge,Chelsea,Man Utd,1 - 0,D,3.3493620773508095,68.30179203963954,28.348845883009655
362,367,37,18/05/2025 12:00,Goodison Park,Everton,Southampton,2 - 0,D,3.372222905113711,68.04577070252662,28.58200639235966
363,370,37,18/05/2025 14:15,London Stadium,West Ham,Nott'm Forest,1 - 2,D,3.3425255890864083,68.31336843698752,28.34410597392609
364,363,37,18/05/2025 15:00,Gtech Community Stadium,Brentford,Fulham,2 - 3,D,3.3437333002205527,68.12616136525526,28.530105334524176
365,368,37,18/05/2025 15:00,King Power Stadium,Leicester,Ipswich,2 - 0,D,3.369674412141685,68.18186444470201,28.44846114315631
366,361,37,18/05/2025 16:30,Emirates Stadium,Arsenal,Newcastle,1 - 0,D,3.347552830834925,67.6643263968636,28.988120772301468
367,364,37,19/05/2025 20:00,American Express Stadium,Brighton,Liverpool,,D,3.3075390543106487,68.90842383817805,27.784037107511317
368,366,37,20/05/2025 20:00,Selhurst Park,Crystal Palace,Wolves,,D,3.3940073225469054,68.16921333867951,28.436779338773572
369,369,37,20/05/2025 20:00,Etihad Stadium,Man City,Bournemouth,,D,3.369400532806651,67.44869234354272,29.181907123650664
370,371,38,25/05/2025 16:00,Vitality Stadium,Bournemouth,Leicester,,D,3.3706098074465154,68.22256880022366,28.406821392329867
371,372,38,25/05/2025 16:00,Craven Cottage,Fulham,Man City,,D,3.3887509207691124,68.27394883390649,28.337300245324403
372,373,38,25/05/2025 16:00,Portman Road,Ipswich,West Ham,,D,3.3683889168683057,67.95554881829162,28.676062264840073
373,374,38,25/05/2025 16:00,Anfield,Liverpool,Crystal Palace,,D,3.407429852899742,68.14178203927067,28.450788107829577
374,375,38,25/05/2025 16:00,Old Trafford,Man Utd,Aston Villa,,D,3.3752927047924715,68.16152537800737,28.46318191720015
375,376,38,25/05/2025 16:00,St. James' Park,Newcastle,Everton,,D,3.3843941829662474,67.71077259552297,28.904833221510767
376,377,38,25/05/2025 16:00,The City Ground,Nott'm Forest,Chelsea,,D,3.3949860396261764,68.36339613887928,28.24161782149454
377,378,38,25/05/2025 16:00,St. Mary's Stadium,Southampton,Arsenal,,D,3.3867266181286957,68.25396584277644,28.359307539094893
378,379,38,25/05/2025 16:00,Tottenham Hotspur Stadium,Spurs,Brighton,,D,3.3602206221958046,68.26882221533756,28.37095716246663
379,380,38,25/05/2025 16:00,Molineux Stadium,Wolves,Brentford,,D,3.423244227373072,67.7601509810496,28.816604791577305
